{"id":"{1B33E42F-EF14-4cd3-B6DC-174571C4349C}","syncGUID":"lvvQ42YGJeq7","location":"app-profile","version":"4.7","type":"extension","internalName":null,"updateURL":null,"updateKey":null,"optionsURL":null,"optionsType":null,"aboutURL":null,"iconURL":"chrome://thunder/content/icon.bmp","icon64URL":null,"defaultLocale":{"name":"Thunder Extension","description":"Thunder downloader extension","creator":"XunLei","homepageURL":"http://www.xunlei.com"},"visible":true,"active":true,"userDisabled":false,"appDisabled":false,"descriptor":"C:\\Users\\admin\\AppData\\Roaming\\Mozilla\\Firefox\\Profiles\\teyk7158.default\\extensions\\{1B33E42F-EF14-4cd3-B6DC-174571C4349C}","installDate":1388730453215,"updateDate":1388730453215,"applyBackgroundUpdates":1,"bootstrap":false,"size":92596,"sourceURI":null,"releaseNotesURI":null,"softDisabled":false,"foreignInstall":true,"hasBinaryComponents":false,"strictCompatibility":false,"locales":[],"targetApplications":[{"id":"{ec8030f7-c20a-464f-9b0e-13a3a9e97384}","minVersion":"1.0","maxVersion":"20.*"},{"id":"{3db10fab-e461-4c80-8b97-957ad5f8ea47}","minVersion":"8.0","maxVersion":"9.9"}],"targetPlatforms":[]}