<XLUE>
	<resource>
		<imagelist id="imagelist.downloader.sysbutton" vertical="0" varyblock="1" splitter="1" image="bitmap\imagelist.button.png"/>
		<bitmap id="downloader.closebtn.normal" imagelist="imagelist.downloader.sysbutton" index="27" />
		<bitmap id="downloader.closebtn.hover" imagelist="imagelist.downloader.sysbutton" index="28" />
		<bitmap id="downloader.closebtn.down" imagelist="imagelist.downloader.sysbutton" index="29" />
		<bitmap id="downloader.closebtn.disable" imagelist="imagelist.downloader.sysbutton" index="30" />
		
		<!--imagelist id="imagelist.downloader.min_btn" vertical="0" varyblock="1" splitter="1" image="bitmap\imagelist.button.png"/-->
		<bitmap id="downloader.minbtn.normal" imagelist="imagelist.downloader.sysbutton" index="15" />
		<bitmap id="downloader.minbtn.hover" imagelist="imagelist.downloader.sysbutton" index="16" />
		<bitmap id="downloader.minbtn.down" imagelist="imagelist.downloader.sysbutton" index="17" />
		<bitmap id="downloader.minbtn.disable" imagelist="imagelist.downloader.sysbutton" index="18" />
		
		<imagelist id="imagelist.downloader.messagebox.close_btn" vertical="0" varyblock="1" splitter="1" image="bitmap\MessageBox.Close.Button.Bkg.png"/>
		<bitmap id="downloader.messagebox.closebtn.normal" imagelist="imagelist.downloader.messagebox.close_btn" index="1" />
		<bitmap id="downloader.messagebox.closebtn.hover" imagelist="imagelist.downloader.messagebox.close_btn" index="2" />
		<bitmap id="downloader.messagebox.closebtn.down" imagelist="imagelist.downloader.messagebox.close_btn" index="3" />
		<bitmap id="downloader.messagebox.closebtn.disable" imagelist="imagelist.downloader.messagebox.close_btn" index="1" />

		<imagelist id="imagelist.downloader.normalbtn" vertical="0" splitter="1" varyblock="1" image="bitmap\NormalButton.png"/>
		<texture id="downloader.normalbtn.normal" type="ThreeInOneH" imagelist="imagelist.downloader.normalbtn" index="1" />
		<texture id="downloader.normalbtn.hover" type="ThreeInOneH" imagelist="imagelist.downloader.normalbtn" index="2" />
		<texture id="downloader.normalbtn.down" type="ThreeInOneH" imagelist="imagelist.downloader.normalbtn" index="3" />
		<texture id="downloader.normalbtn.disable" type="ThreeInOneH" imagelist="imagelist.downloader.normalbtn" index="4" />

		<texture id="downloader.mainframe.bkg" type="NineInOne" image="bitmap\MainFram.png" />
        
		<bitmap id="downloader.mainframe.title.logo" image="bitmap\MainFrame.Title.Logo.png" />
		
		<texture id="downloader.messagebox.bkg" type="NineInOne" image="bitmap\MessageBack.png" />
		<bitmap id="downloader.messagebox.icon" image="bitmap\MessageBox.icon.png" />
		
		<imagelist id="imagelist.checkbox.icon" vertical="0" splitter="1" varyblock="1" image="bitmap\CheckBox.png"/>
		<bitmap id="bitmap.tick.max" imagelist="imagelist.checkbox.icon" index="1" />
        <bitmap id="bitmap.tick.normal" imagelist="imagelist.checkbox.icon" index="3" />
        <bitmap id="bitmap.tick.disable" imagelist="imagelist.checkbox.icon" index="4" />
		<bitmap id="bitmap.box.normal" imagelist="imagelist.checkbox.icon" index="2" />
        <bitmap id="bitmap.box.disable" imagelist="imagelist.checkbox.icon" index="5" />
        <bitmap id="bitmap.box.hover" imagelist="imagelist.checkbox.icon" index="6" />
		
		<imagelist id="imagelist.progress.bkg" vertical="0" varyblock="1" splitter="1" image="bitmap\Progress.Gernal.png"/>
		<texture id="progress.finish.bkg" type="ThreeInOneH" imagelist="imagelist.progress.bkg" index="1" />
		<texture id="progress.empty.bkg" type="ThreeInOneH" imagelist="imagelist.progress.bkg" index="2" />
		<bitmap id="progress.light.bkg" image="bitmap\Progress.Light.png" />
		
	</resource>
</XLUE>