<XLUE>
	<resource>		
		<curve id="checkbox.show" type="bspline">
			<controlpoint  tp="0.000000" sp="0.000000"/>
			<controlpoint  tp="0.516484" sp="0.176656"/>
			<controlpoint  tp="0.744505" sp="1.343849"/>
			<controlpoint  tp="0.936813" sp="1.318612"/>
			<controlpoint  tp="0.997253" sp="1.000000"/>
		</curve>
	- <curve id="progress.light" type="bspline">
		  <controlpoint tp="0.000000" sp="0.000000" /> 
		  <controlpoint tp="0.219780" sp="1.000000" /> 
		  <controlpoint tp="0.782967" sp="1.003155" /> 
		  <controlpoint tp="0.997253" sp="0.012618" /> 
	  </curve>		
	</resource>	
</XLUE>
