﻿<XLUE>
<resource>
	<font id="default.font" height="12" facename="defaultfont" />
	<font id="default.font.bold" height="12" weight="bold" facename="defaultfont" />
	<font id="default.font.bold.underline" height="12" weight="bold" facename="defaultfont" underline="1" />
	<font id="default.font.link" height="12" facename="defaultfont" />
	<font id="default.font.underline" height="12" facename="defaultfont" underline="1"/>
	<font id="basicinfo.font" height="12" facename="defaultfont" />
	<font id="msg.font" height="12" facename="defaultfont" />
	<font id="plugin.platform.font.bold" height="13" weight="bold" facename="defaultfont" />
	<font id="plugin.platform.font.bold.underline" height="13" weight="bold" facename="defaultfont" underline="1" />
	<font id="msg.font.bold" height="40" weight="bold" facename="defaultfont" />
	
	<font id="default.font.11" height="11" facename="defaultfont"/>
	<font id="default.font.12" height="12" facename="defaultfont"/>
	<font id="default.font.13" height="13" facename="defaultfont"/>
	<font id="newtask.edit.font" height="12" facename="defaultfont"/>
	<font id="button.default.font" height="12" facename="defaultfont"/>
	<font id="default.font.16" height="16" facename="defaultfont"/>
	<font id="default.font.bold.16" height="16" weight="bold" facename="defaultfont"/>
	<font id="newtask.default.font" height="12" facename="defaultfont"/>
	
	<font id="downloader.button.text.font" height="12" facename="defaultfont" />
</resource>
</XLUE>
